Otwarcie;Maks.;Min.;Kurs;Zm.proc.;Wolumen;Data
10,23;10,39;10,01;10,01;-0,10%;9699;2015-09-25;
11,04;11,04;10,01;10,02;-8,91%;4613;2015-09-24;
11,26;11,26;11,00;11,00;0,18%;12;2015-09-23;
10,88;10,98;10,83;10,98;1,29%;753;2015-09-22;
10,99;11,31;10,72;10,84;-3,64%;2537;2015-09-21;
11,50;12,05;11,25;11,25;-2,17%;5215;2015-09-18;
10,85;11,19;10,11;10,38;-3,89%;3602;2015-09-10;
11,50;11,50;11,45;11,49;-0,09%;40;2015-09-04;
11,50;11,50;11,27;11,50;1,86%;2364;2015-09-03;
12,21;12,21;11,27;11,29;-5,92%;2149;2015-09-02;
12,40;12,40;12,00;12,00;-1,32%;2815;2015-09-01;
12,39;12,39;11,76;12,16;-1,86%;412;2015-08-31;
12,75;12,75;12,28;12,39;-2,82%;1327;2015-08-28;
15,48;16,14;15,33;16,14;0,88%;668;2015-07-22;
16,99;16,99;15,60;16,00;-5,83%;752;2015-07-21;
16,15;16,99;16,15;16,99;5,20%;362;2015-07-20;
15,50;16,20;15,50;16,15;-0,98%;556;2015-07-17;
16,71;16,71;15,98;16,31;-0,55%;670;2015-07-16;
17,00;17,00;16,40;16,40;-3,24%;565;2015-07-15;
16,98;16,98;16,28;16,95;-0,18%;254;2015-07-14;
17,00;17,00;16,40;16,98;-0,12%;350;2015-07-13;
16,99;17,00;16,00;17,00;3,22%;1194;2015-07-10;
16,60;16,60;16,38;16,47;5,58%;62;2015-07-09;
16,70;16,70;15,30;15,60;-7,69%;863;2015-07-08;
17,81;17,81;16,03;16,90;-4,57%;528;2015-07-07;
17,79;17,79;16,85;17,71;-0,56%;187;2015-07-06;
17,00;17,99;17,00;17,81;-1,33%;102;2015-07-03;
18,05;18,05;18,05;18,05;-0,77%;8;2015-07-02;
18,19;18,19;18,19;18,19;-0,05%;3;2015-07-01;
18,20;18,20;17,50;18,20;1,11%;46;2015-06-30;
17,65;18,19;17,00;18,00;-1,10%;1514;2015-06-29;
18,20;18,20;18,20;18,20;0,83%;19;2015-06-26;
18,20;18,20;18,00;18,05;-0,82%;11681;2015-06-25;
17,97;18,20;17,95;18,20;2,25%;2561;2015-06-24;
17,80;17,80;17,41;17,80;0,00%;909;2015-06-23;
17,75;17,80;17,65;17,80;2,30%;1271;2015-06-22;
17,75;17,75;17,40;17,40;-0,57%;262;2015-06-19;
17,76;17,76;17,01;17,50;-1,41%;1678;2015-06-18;
17,76;17,76;17,30;17,75;-0,06%;902;2015-06-17;
17,38;17,76;16,99;17,76;2,19%;473;2015-06-16;
17,76;17,76;17,38;17,38;0,00%;63;2015-06-15;
17,50;17,50;17,20;17,38;-0,11%;477;2015-06-11;
17,05;17,40;17,00;17,40;1,22%;1732;2015-06-10;
17,00;17,20;17,00;17,19;1,12%;3147;2015-06-09;
17,00;17,20;17,00;17,00;0,00%;2719;2015-06-08;
17,30;17,30;16,92;17,00;-1,62%;416;2015-06-05;
17,40;17,40;17,01;17,28;-0,63%;1569;2015-06-03;
17,50;17,50;16,73;17,39;1,10%;1305;2015-06-02;
17,05;17,80;17,05;17,80;4,40%;1594;2015-05-29;
17,50;17,50;16,95;17,05;-5,12%;2547;2015-05-28;
17,61;18,00;17,60;17,97;2,04%;209;2015-05-27;
18,89;18,89;17,50;18,42;-2,07%;3191;2015-05-25;
18,19;18,88;18,00;18,81;5,20%;7379;2015-05-22;
16,86;17,90;16,71;17,88;7,19%;10972;2015-05-21;
16,20;16,90;16,01;16,87;5,44%;4191;2015-05-18;
16,10;16,18;15,74;16,00;-1,23%;704;2015-05-15;
16,40;16,40;15,86;16,20;-1,40%;1616;2015-05-14;
17,00;17,00;16,16;16,43;-1,73%;3240;2015-05-13;
16,50;17,50;16,13;16,72;1,03%;11097;2015-05-12;
14,10;14,52;14,00;14,35;1,63%;2434;2015-05-08;
14,13;14,13;14,10;14,12;-0,07%;702;2015-05-07;
14,15;14,15;13,75;14,13;1,07%;4256;2015-05-06;
14,20;14,20;13,82;14,00;0,21%;25280;2015-05-04;
13,50;13,97;13,50;13,97;0,94%;46246;2015-04-30;
13,90;13,90;13,55;13,84;-0,72%;265;2015-04-29;
13,90;13,94;13,70;13,94;0,00%;1023;2015-04-28;
14,13;14,13;13,50;13,94;-1,34%;1313;2015-04-27;
13,98;14,20;13,98;14,13;3,90%;1491;2015-04-24;
14,30;14,30;13,46;13,60;-4,90%;2072;2015-04-23;
14,30;14,35;14,01;14,30;0,56%;700;2015-04-22;
13,86;14,22;13,86;14,22;2,67%;496;2015-04-21;
14,49;14,49;13,85;13,85;-3,08%;633;2015-04-20;
14,20;14,20;14,10;14,20;0,35%;171;2015-04-16;
14,05;14,15;14,05;14,15;2,39%;803;2015-04-15;
14,00;14,16;13,70;13,82;-2,61%;2160;2015-04-14;
14,89;14,89;14,00;14,19;1,36%;2192;2015-04-13;
14,29;14,29;13,60;14,00;0,00%;2809;2015-04-10;
14,21;14,50;14,00;14,00;0,72%;2562;2015-04-09;
14,28;14,28;13,90;13,90;-0,36%;1780;2015-04-08;
14,69;14,69;13,81;13,95;-1,76%;4038;2015-04-07;
14,90;14,90;14,10;14,20;-4,70%;4459;2015-04-02;
15,18;15,18;14,51;14,90;-1,84%;1566;2015-04-01;
15,60;15,60;15,00;15,18;-2,82%;2490;2015-03-31;
15,65;15,65;15,62;15,62;0,19%;32;2015-03-30;
15,65;15,65;15,17;15,59;-0,38%;220;2015-03-27;
15,92;15,92;15,13;15,65;-1,82%;199;2015-03-26;
15,94;15,94;15,94;15,94;0,00%;2;2015-03-25;
15,56;15,96;15,45;15,94;-0,38%;1960;2015-03-24;
15,51;16,00;15,51;16,00;4,58%;1963;2015-03-23;
15,50;15,50;15,30;15,30;-1,16%;11622;2015-03-20;
15,73;15,73;15,10;15,48;-1,65%;722;2015-03-19;
15,70;15,78;15,70;15,74;-0,06%;261;2015-03-18;
15,90;15,90;15,36;15,75;1,61%;1361;2015-03-17;
15,44;15,44;15,07;15,10;-2,14%;3359;2015-03-12;
15,11;15,45;15,10;15,43;2,39%;267;2015-03-11;
16,75;16,75;15,07;15,07;-5,52%;3902;2015-03-10;
15,57;16,00;15,57;15,95;2,57%;1168;2015-03-09;
15,40;15,57;15,20;15,55;2,44%;4535;2015-03-06;
14,80;15,18;14,65;15,18;2,57%;922;2015-03-05;
15,00;15,00;14,75;14,80;2,07%;1285;2015-03-04;
14,50;14,50;14,50;14,50;0,69%;40;2015-03-03;
14,69;14,69;14,40;14,40;-0,69%;107;2015-03-02;
14,38;14,50;14,35;14,50;2,84%;771;2015-02-27;
13,80;14,10;13,31;14,10;0,71%;1217;2015-02-26;
14,20;14,20;14,00;14,00;1,45%;261;2015-02-25;
14,33;14,33;13,80;13,80;-3,09%;279;2015-02-24;
14,38;14,38;14,00;14,24;1,79%;802;2015-02-23;
13,79;14,00;13,39;13,99;1,75%;2014;2015-02-20;
13,73;13,75;12,90;13,75;-0,29%;1485;2015-02-19;
13,90;14,00;13,50;13,79;-0,79%;1902;2015-02-18;
13,42;14,00;13,42;13,90;2,58%;301;2015-02-17;
13,69;13,69;13,50;13,55;-1,02%;678;2015-02-16;
13,70;13,70;13,42;13,69;-0,07%;323;2015-02-13;
14,00;14,08;13,69;13,70;-2,77%;1118;2015-02-12;
14,09;14,09;14,09;14,09;0,00%;2;2015-02-11;
14,44;14,44;14,04;14,09;0,36%;72;2015-02-10;
14,45;14,45;14,00;14,04;-1,06%;865;2015-02-09;
14,45;14,45;14,00;14,19;-1,80%;76;2015-02-06;
14,40;14,50;14,10;14,45;0,42%;562;2015-02-05;
14,00;14,39;14,00;14,39;2,79%;147;2015-02-04;
14,00;14,00;13,99;14,00;0,00%;71;2015-02-03;
14,21;14,21;14,00;14,00;1,45%;511;2015-02-02;
13,88;14,21;13,35;13,80;0,07%;3894;2015-01-30;
13,75;13,91;13,00;13,79;-1,15%;3011;2015-01-29;
13,95;13,95;13,95;13,95;-0,71%;5;2015-01-28;
14,30;14,30;13,40;14,05;-2,09%;1265;2015-01-27;
14,90;14,90;14,05;14,35;-2,05%;1634;2015-01-26;
14,45;14,69;14,45;14,65;3,53%;1108;2015-01-23;
14,11;14,15;14,11;14,15;0,07%;1039;2015-01-22;
14,51;14,56;14,10;14,14;-2,68%;408;2015-01-21;
14,89;14,89;14,23;14,53;-0,48%;31;2015-01-20;
15,10;15,10;14,49;14,60;0,69%;17;2015-01-19;
15,00;15,00;14,13;14,50;-0,68%;804;2015-01-16;
15,14;15,14;14,60;14,60;-2,93%;146;2015-01-15;
15,20;15,20;15,00;15,04;-1,05%;486;2015-01-14;
15,20;15,20;15,00;15,20;-1,62%;334;2015-01-13;
15,20;15,59;15,20;15,45;5,03%;1889;2015-01-12;
15,60;15,60;14,71;14,71;-0,14%;861;2015-01-09;
14,51;14,74;14,41;14,73;1,59%;1404;2015-01-08;
14,50;14,50;14,48;14,50;-0,07%;245;2015-01-07;
15,60;15,60;14,51;14,51;-4,35%;4791;2015-01-05;
15,05;15,19;15,00;15,17;0,80%;1868;2015-01-02;
14,98;15,80;14,98;15,05;0,47%;1879;2014-12-30;
14,38;15,00;14,35;14,98;4,17%;1467;2014-12-29;
14,24;14,38;13,50;14,38;0,98%;7364;2014-12-23;
15,20;15,20;14,15;14,24;-5,07%;1822;2014-12-22;
15,85;15,99;15,00;15,00;-3,04%;3730;2014-12-19;
15,50;15,50;15,00;15,47;-0,26%;3452;2014-12-18;
15,50;15,75;15,50;15,51;-1,84%;451;2014-12-17;
15,99;15,99;15,80;15,80;-1,25%;298;2014-12-16;
16,05;16,05;16,00;16,00;0,00%;257;2014-12-15;
16,00;16,00;15,70;16,00;0,00%;52;2014-12-12;
16,25;16,25;15,53;15,80;-2,77%;3726;2014-12-10;
16,27;16,28;16,15;16,25;-0,25%;318;2014-12-09;
17,30;17,30;16,00;16,29;-3,95%;3646;2014-12-08;
17,39;17,39;16,80;16,96;2,85%;185;2014-12-05;
17,20;17,44;16,20;16,49;-0,06%;6742;2014-12-04;
15,95;17,54;15,95;16,50;3,13%;2594;2014-12-03;
15,95;16,00;15,80;16,00;1,27%;1284;2014-12-02;
16,39;16,39;15,50;15,80;-4,24%;401;2014-12-01;
17,02;18,37;16,32;16,50;6,52%;3141;2014-11-28;
14,61;16,07;14,61;15,49;6,46%;3197;2014-11-27;
17,14;17,15;16,88;17,09;-2,18%;522;2014-11-17;
17,45;17,48;17,45;17,47;0,92%;337;2014-11-14;
17,48;17,48;17,11;17,31;1,23%;261;2014-11-13;
17,48;17,48;16,88;17,10;-2,17%;458;2014-11-12;
17,49;17,49;17,48;17,48;-0,06%;476;2014-11-10;
16,88;17,49;16,88;17,49;-0,06%;354;2014-11-07;
17,59;17,59;17,50;17,50;2,64%;164;2014-11-06;
17,90;17,90;17,50;17,59;-1,73%;537;2014-11-04;
18,10;18,19;17,56;17,90;-1,65%;233;2014-11-03;
18,45;18,45;18,45;18,45;0,00%;55;2014-10-27;
19,35;19,35;18,20;18,49;0,98%;231;2014-10-22;
19,47;19,47;18,31;18,31;-3,58%;442;2014-10-21;
19,00;19,48;18,99;18,99;1,66%;61;2014-10-20;
19,50;19,50;18,50;18,68;-1,06%;321;2014-10-17;
19,34;19,34;18,50;18,88;2,05%;29;2014-10-16;
20,05;20,05;18,38;18,90;-3,08%;1931;2014-10-10;
20,05;20,05;19,45;19,50;-2,50%;2509;2014-10-09;
19,05;20,20;19,05;20,00;0,00%;153;2014-10-08;
21,00;21,48;19,77;20,00;-2,44%;1758;2014-10-07;
21,79;21,99;20,20;20,50;-4,21%;901;2014-10-06;
21,20;21,41;21,20;21,40;1,90%;623;2014-10-03;
21,50;21,99;20,50;21,00;-7,69%;866;2014-10-02;
22,99;23,01;22,47;22,75;-0,66%;297;2014-10-01;
21,00;23,00;20,82;22,90;9,05%;2756;2014-09-30;
20,50;21,00;20,23;21,00;2,49%;2027;2014-09-29;
20,25;20,49;19,99;20,49;2,45%;784;2014-09-26;
20,00;20,00;19,80;20,00;0,00%;540;2014-09-25;
19,90;20,00;19,90;20,00;1,01%;609;2014-09-24;
20,00;20,00;19,13;19,80;0,00%;104;2014-09-23;
19,80;19,80;19,50;19,80;1,54%;65;2014-09-22;
19,70;19,70;19,50;19,50;-2,01%;945;2014-09-19;
19,95;19,95;19,65;19,90;1,02%;106;2014-09-18;
20,30;20,30;19,70;19,70;-1,50%;303;2014-09-17;
20,48;20,48;19,78;20,00;1,16%;39;2014-09-16;
20,39;20,39;19,77;19,77;-1,15%;50;2014-09-15;
20,00;20,29;19,77;20,00;0,00%;202;2014-09-12;
20,75;20,75;19,80;20,00;-4,08%;690;2014-09-11;
20,40;20,85;20,40;20,85;2,71%;13;2014-09-10;
20,00;21,00;20,00;20,30;-2,26%;352;2014-09-09;
19,92;20,80;19,92;20,77;4,37%;202;2014-09-08;
20,00;20,05;19,80;19,90;-0,35%;2203;2014-09-05;
20,00;20,00;19,54;19,97;0,60%;373;2014-09-04;
19,85;20,00;19,85;19,85;-0,25%;222;2014-09-03;
20,01;20,01;19,34;19,90;-3,07%;382;2014-09-02;
20,80;20,80;20,22;20,53;-1,30%;99;2014-09-01;
21,00;21,00;20,40;20,80;0,48%;367;2014-08-29;
20,70;20,70;20,22;20,70;0,10%;1342;2014-08-28;
20,81;20,90;20,40;20,68;0,19%;955;2014-08-27;
20,57;20,80;20,21;20,64;0,34%;363;2014-08-26;
20,98;20,98;20,20;20,57;-2,00%;657;2014-08-25;
20,99;20,99;20,99;20,99;3,45%;5;2014-08-22;
20,20;21,00;20,10;20,99;3,91%;329;2014-08-20;
19,84;20,20;19,55;20,20;3,48%;1443;2014-08-19;
19,98;19,98;19,51;19,52;-2,25%;1183;2014-08-18;
19,98;19,98;19,28;19,97;1,06%;92;2014-08-14;
19,76;19,98;19,15;19,76;-0,20%;183;2014-08-13;
19,79;19,85;19,79;19,80;0,25%;122;2014-08-12;
19,75;19,75;19,16;19,75;1,65%;3436;2014-08-11;
19,50;19,60;19,43;19,43;0,00%;85;2014-08-08;
19,43;19,43;19,43;19,43;-0,10%;2;2014-08-07;
19,83;19,83;19,30;19,45;-0,26%;168;2014-08-06;
19,83;19,83;19,50;19,50;-1,76%;7250;2014-08-05;
20,65;20,65;19,85;19,85;-4,11%;447;2014-08-04;
19,50;20,75;19,50;20,70;-2,59%;2731;2014-08-01;
21,25;21,35;20,56;21,25;-0,47%;219;2014-07-31;
21,35;21,35;21,35;21,35;0,00%;5;2014-07-30;
21,45;21,45;21,20;21,35;3,89%;110;2014-07-29;
21,69;21,69;20,50;20,55;-2,14%;1108;2014-07-28;
22,69;22,69;21,00;21,00;-7,45%;486;2014-07-25;
22,69;22,69;22,69;22,69;0,00%;6;2014-07-24;
22,69;22,69;22,36;22,69;-0,26%;281;2014-07-23;
23,00;23,00;22,35;22,75;-0,26%;230;2014-07-22;
23,00;23,00;22,22;22,81;1,42%;3390;2014-07-21;
22,50;23,00;22,00;22,49;2,23%;1204;2014-07-18;
21,88;23,00;21,21;22,00;4,27%;65333;2014-07-17;
22,00;22,00;21,00;21,10;-0,80%;1644;2014-07-16;
21,00;23,00;21,00;21,27;-1,98%;5572;2014-07-15;
21,95;22,25;21,69;21,70;-1,14%;1238;2014-07-14;
21,00;22,00;21,00;21,95;4,52%;4163;2014-07-11;
23,19;23,19;21,00;21,00;-9,44%;1356;2014-07-10;
23,60;23,60;22,80;23,19;-1,28%;774;2014-07-09;
24,00;24,28;23,11;23,49;-2,13%;662;2014-07-08;
24,00;24,05;23,50;24,00;0,21%;91;2014-07-07;
24,33;24,33;23,95;23,95;-1,16%;207;2014-07-04;
24,29;24,29;23,10;24,23;-0,41%;80;2014-07-03;
24,32;24,33;23,17;24,33;0,04%;396;2014-07-02;
24,49;24,50;24,10;24,32;1,76%;291;2014-07-01;
23,98;24,59;23,28;23,90;-0,38%;5753;2014-06-30;
23,69;23,99;23,29;23,99;3,05%;646;2014-06-27;
23,28;23,68;23,28;23,28;0,00%;656;2014-06-26;
23,29;23,29;23,27;23,28;-0,09%;197;2014-06-25;
23,50;23,50;23,30;23,30;-0,43%;262;2014-06-24;
24,20;24,20;23,40;23,40;-3,51%;971;2014-06-23;
24,24;24,24;23,55;23,81;0,00%;277;2014-06-18;
24,25;24,25;23,55;23,81;-1,77%;563;2014-06-17;
24,25;24,25;24,24;24,24;-0,04%;138;2014-06-16;
24,50;24,80;23,55;24,80;2,48%;23874;2014-06-12;
24,70;24,70;23,89;24,20;-1,83%;1033;2014-06-11;
24,80;24,80;24,00;24,65;-0,60%;788;2014-06-10;
24,86;24,86;24,00;24,80;-0,28%;203;2014-06-09;
24,87;24,99;24,50;24,87;0,00%;903;2014-06-06;
24,50;24,89;24,50;24,87;2,35%;127;2014-06-05;
24,65;24,65;23,56;24,30;-1,58%;1622;2014-06-04;
24,70;24,70;24,15;24,69;-0,04%;463;2014-06-03;
24,95;24,95;24,40;24,70;-1,00%;179;2014-06-02;
24,95;24,99;24,41;24,95;2,21%;282;2014-05-30;
24,32;24,95;24,32;24,90;2,38%;169;2014-05-28;
24,75;24,75;24,32;24,32;-2,72%;731;2014-05-27;
24,20;25,00;24,20;25,00;4,17%;1046;2014-05-26;
24,99;24,99;23,05;24,00;-5,14%;4068;2014-05-23;
25,30;25,30;25,00;25,30;1,20%;290;2014-05-22;
24,95;25,00;24,15;25,00;-1,57%;57;2014-05-21;
25,50;25,50;23,40;25,40;4,10%;1926;2014-05-20;
24,00;24,80;24,00;24,40;4,27%;936;2014-05-19;
26,00;26,80;23,40;23,40;-11,03%;7761;2014-05-16;
29,00;29,00;26,30;26,30;-10,67%;8631;2014-05-15;
29,10;29,44;28,41;29,44;-0,20%;449;2014-05-14;
29,50;29,50;28,87;29,50;1,72%;96;2014-05-13;
29,47;29,47;28,50;29,00;-1,66%;80;2014-05-12;
29,20;29,49;28,49;29,49;2,40%;242;2014-05-09;
29,00;29,00;28,31;28,80;1,41%;43;2014-05-08;
28,59;28,59;28,30;28,40;-1,01%;722;2014-05-07;
29,80;29,80;28,16;28,69;-2,75%;111;2014-05-06;
29,80;29,80;29,50;29,50;-1,01%;80;2014-05-05;
30,99;30,99;29,05;29,80;0,00%;93;2014-05-02;
30,20;30,20;29,80;29,80;-0,63%;187;2014-04-30;
30,20;30,20;29,00;29,99;-0,37%;111;2014-04-29;
30,19;30,20;30,10;30,10;0,33%;41;2014-04-28;
30,17;30,17;30,00;30,00;0,00%;34;2014-04-25;
30,00;30,00;30,00;30,00;0,00%;73;2014-04-24;
30,20;30,20;29,20;30,00;0,00%;293;2014-04-23;
30,00;30,19;29,21;30,00;0,00%;355;2014-04-22;
29,90;30,20;29,89;30,00;0,33%;4834;2014-04-17;
30,30;30,30;28,84;29,90;-1,87%;588;2014-04-16;
30,85;30,85;29,86;30,47;0,89%;483;2014-04-15;
31,55;31,55;30,17;30,20;-3,36%;693;2014-04-14;
31,35;31,35;31,00;31,25;-1,08%;316;2014-04-11;
32,25;32,25;31,25;31,59;1,09%;331;2014-04-10;
33,00;33,00;31,25;31,25;-3,76%;849;2014-04-09;
31,95;32,49;31,10;32,47;3,14%;353;2014-04-08;
31,10;33,00;31,10;31,48;-4,61%;507;2014-04-07;
33,39;33,39;33,00;33,00;-1,17%;4;2014-04-04;
32,30;33,49;32,30;33,39;-1,15%;349;2014-04-03;
33,75;33,78;33,50;33,78;2,05%;39;2014-04-02;
33,78;33,78;33,00;33,10;-1,16%;577;2014-04-01;
33,90;33,90;33,48;33,49;-0,03%;235;2014-03-31;
33,90;33,90;31,60;33,50;-0,21%;1304;2014-03-28;
33,60;33,60;32,03;33,57;-0,09%;172;2014-03-27;
33,50;33,60;33,50;33,60;3,07%;53;2014-03-26;
30,00;32,75;30,00;32,60;5,06%;608;2014-03-25;
32,21;32,21;31,03;31,03;-3,00%;59;2014-03-24;
33,45;33,45;31,99;31,99;-3,06%;426;2014-03-21;
33,50;33,50;32,51;33,00;-2,94%;108;2014-03-20;
33,78;34,00;32,20;34,00;1,49%;109;2014-03-19;
31,34;34,34;31,20;33,50;6,89%;1362;2014-03-18;
30,15;31,35;29,76;31,34;3,95%;869;2014-03-17;
30,15;31,49;29,99;30,15;-6,51%;2026;2014-03-14;
34,41;34,41;32,25;32,25;-4,87%;498;2014-03-13;
35,49;35,49;33,90;33,90;-3,69%;427;2014-03-12;
35,20;35,20;35,20;35,20;0,26%;9;2014-03-11;
35,19;35,70;34,60;35,11;-0,23%;845;2014-03-10;
34,99;35,50;34,66;35,19;0,83%;344;2014-03-07;
35,65;35,80;34,10;34,50;0,00%;15455;2014-03-05;
33,10;35,50;33,10;34,50;1,77%;489;2014-03-04;
35,20;36,00;33,64;33,90;-6,35%;2035;2014-03-03;
35,99;36,20;35,50;36,20;1,69%;88;2014-02-28;
36,39;36,39;35,55;35,60;-1,85%;241;2014-02-27;
36,27;36,27;36,20;36,27;0,58%;263;2014-02-26;
36,37;36,40;36,06;36,06;-0,28%;9284;2014-02-25;
36,09;36,40;35,53;36,16;1,29%;35761;2014-02-24;
35,99;36,40;35,00;35,70;-0,11%;3472;2014-02-21;
36,39;36,39;34,91;35,74;-1,52%;713;2014-02-20;
36,97;36,97;35,56;36,29;-1,81%;789;2014-02-19;
35,81;36,96;35,29;36,96;4,29%;3722;2014-02-18;
35,65;35,84;35,44;35,44;-1,09%;829;2014-02-17;
35,64;35,84;34,40;35,83;0,82%;1176;2014-02-14;
35,65;35,65;34,75;35,54;-0,39%;386;2014-02-13;
35,71;35,71;34,75;35,68;1,94%;236;2014-02-12;
35,81;35,81;35,00;35,00;0,29%;424;2014-02-11;
36,49;36,90;34,90;34,90;-3,06%;3163;2014-02-10;
36,50;37,20;36,00;36,00;-1,10%;4952;2014-02-07;
35,40;36,40;35,40;36,40;2,25%;3120;2014-02-06;
35,99;35,99;35,10;35,60;0,62%;6261;2014-02-05;
34,15;35,50;34,15;35,38;1,38%;384;2014-02-04;
35,21;35,90;34,90;34,90;-2,79%;1038;2014-02-03;
36,17;36,50;35,76;35,90;0,98%;40;2014-01-31;
35,89;36,40;35,50;35,55;0,00%;338;2014-01-30;
35,35;35,55;35,35;35,55;1,14%;104;2014-01-29;
35,19;35,38;33,81;35,15;-1,01%;241;2014-01-28;
35,72;35,72;34,12;35,51;0,91%;437;2014-01-27;
36,90;36,90;35,03;35,19;-3,59%;525;2014-01-24;
36,55;36,70;35,51;36,50;-0,14%;139;2014-01-23;
36,76;36,76;35,61;36,55;0,66%;9;2014-01-22;
36,89;37,30;35,05;36,31;-1,63%;382;2014-01-21;
38,50;38,50;36,20;36,91;0,87%;157;2014-01-20;
38,40;38,40;36,17;36,59;-0,03%;161;2014-01-17;
35,98;36,60;35,95;36,60;2,06%;709;2014-01-16;
35,99;35,99;35,40;35,86;-0,36%;123;2014-01-15;
35,60;35,99;35,60;35,99;0,84%;204;2014-01-14;
36,44;36,45;35,40;35,69;-2,22%;469;2014-01-13;
34,51;36,50;34,51;36,50;2,10%;1862;2014-01-10;
35,84;35,84;34,52;35,75;-0,61%;943;2014-01-09;
36,44;36,45;35,90;36,00;1,41%;91;2014-01-03;
36,95;36,95;35,45;35,50;-1,39%;518;2014-01-02;
36,20;36,88;36,00;36,00;-0,55%;5552;2013-12-30;
36,89;37,37;36,19;36,20;0,00%;9486;2013-12-27;
35,50;37,00;35,48;36,20;1,97%;1167;2013-12-23;
36,00;36,89;35,05;35,50;0,00%;5486;2013-12-20;
36,40;36,40;35,20;35,50;0,85%;108;2013-12-19;
35,00;35,79;34,50;35,20;-0,85%;467;2013-12-18;
37,12;37,12;35,50;35,50;-1,93%;84;2013-12-17;
37,00;37,20;36,20;36,20;-2,69%;1001;2013-12-16;
37,65;37,65;36,50;37,20;0,54%;103;2013-12-13;
37,00;37,00;35,68;37,00;-0,78%;1946;2013-12-12;
37,49;37,49;37,23;37,29;0,78%;29;2013-12-11;
37,95;37,95;36,55;37,00;-1,44%;337;2013-12-10;
35,69;37,30;35,69;37,17;4,12%;505;2013-12-06;
36,99;36,99;35,40;35,75;-1,65%;1206;2013-12-04;
37,30;37,30;36,35;36,35;-1,76%;405;2013-12-03;
37,50;37,50;36,21;37,00;-1,33%;629;2013-12-02;
38,00;38,00;36,96;37,50;0,00%;1098;2013-11-29;
40,00;40,00;37,50;37,50;-5,26%;2376;2013-11-28;
40,02;40,94;38,10;39,58;-1,30%;12313;2013-11-27;
41,89;41,90;40,10;40,10;-4,52%;3080;2013-11-26;
40,99;42,00;40,94;42,00;2,44%;1041;2013-11-25;
41,94;42,00;40,60;41,00;-1,16%;1312;2013-11-22;
42,00;42,00;40,76;41,48;-0,02%;1093;2013-11-21;
41,20;41,60;41,00;41,49;0,70%;2340;2013-11-20;
41,30;41,30;41,00;41,20;-0,24%;1023;2013-11-19;
40,45;41,30;40,45;41,30;1,98%;2054;2013-11-18;
38,22;40,50;38,20;40,50;0,05%;9587;2013-11-15;
40,82;40,82;39,33;40,48;-0,83%;5098;2013-11-14;
41,35;41,35;40,22;40,82;-1,40%;134;2013-11-13;
41,70;41,70;41,40;41,40;0,98%;5;2013-11-12;
40,90;41,40;40,90;41,00;-1,20%;361;2013-11-08;
41,75;42,00;40,85;41,50;0,07%;2252;2013-11-07;
41,38;41,74;41,30;41,47;-0,07%;6204;2013-11-06;
41,79;41,79;40,30;41,50;2,62%;368;2013-11-05;
41,70;41,80;40,44;40,44;-3,02%;720;2013-11-04;
41,70;41,70;40,70;41,70;0,48%;2227;2013-10-31;
42,68;42,88;40,70;41,50;-1,64%;3807;2013-10-30;
42,50;42,50;41,76;42,19;-0,02%;7131;2013-10-29;
42,00;42,25;41,98;42,20;0,52%;1852;2013-10-28;
40,40;42,00;40,40;41,98;1,28%;26873;2013-10-25;
41,55;42,39;41,00;41,45;0,61%;3375;2013-10-24;
41,50;41,79;40,57;41,20;0,02%;6935;2013-10-23;
41,00;42,00;40,63;41,19;0,64%;13265;2013-10-22;
40,90;41,05;40,75;40,93;0,44%;3573;2013-10-21;
40,48;40,99;39,94;40,75;0,67%;21722;2013-10-18;
39,50;40,48;39,49;40,48;1,35%;1578;2013-10-17;
40,55;40,60;39,01;39,94;0,00%;51177;2013-10-16;
40,00;40,89;39,70;40,30;1,51%;15990;2013-10-15;
38,88;40,20;38,00;39,70;2,08%;43402;2013-10-14;
38,00;38,89;37,56;38,89;2,34%;32391;2013-10-11;
38,98;38,98;37,98;38,00;0,00%;3266;2013-10-10;
39,00;39,00;37,85;38,27;0,00%;2219;2013-10-09;
37,99;39,08;37,12;38,95;2,50%;5139;2013-10-08;
37,50;38,00;36,41;38,00;1,33%;767;2013-10-07;
36,05;37,50;36,00;37,50;4,02%;3888;2013-10-04;
34,43;36,10;34,37;36,05;4,58%;34432;2013-10-03;
33,20;34,47;32,20;34,47;3,83%;76218;2013-10-02;
33,10;33,49;32,50;33,20;0,00%;591;2013-10-01;
33,69;33,69;32,05;33,50;0,00%;700;2013-09-30;
34,30;34,45;33,20;33,89;0,00%;514;2013-09-26;
33,98;33,98;33,95;33,95;0,21%;3;2013-09-25;
33,99;33,99;33,50;33,88;0,12%;455;2013-09-24;
34,00;34,00;33,20;33,84;0,00%;184;2013-09-23;
34,45;34,45;33,60;33,89;0,00%;143;2013-09-20;
34,00;34,90;33,98;33,98;1,13%;356;2013-09-19;
34,89;34,89;33,60;33,60;0,00%;333;2013-09-18;
34,86;34,87;34,01;34,86;0,00%;226;2013-09-17;
34,10;34,87;34,10;34,87;4,09%;184;2013-09-16;
33,65;33,65;33,50;33,50;0,00%;3558;2013-09-13;
34,19;34,20;33,50;33,70;0,00%;2951;2013-09-12;
34,00;34,25;34,00;34,24;0,00%;106;2013-09-11;
33,80;34,88;32,98;34,25;1,33%;344;2013-09-10;
33,10;34,00;33,10;33,80;4,00%;222;2013-09-09;
31,70;32,88;31,70;32,50;2,23%;610;2013-09-06;
31,40;32,00;30,40;31,79;0,00%;1911;2013-09-05;
34,00;34,00;33,00;33,00;0,00%;705;2013-09-04;
36,00;36,00;34,00;34,32;0,00%;10920;2013-09-03;
35,00;36,46;35,00;35,99;3,33%;555;2013-09-02;
34,65;35,30;34,55;34,83;0,00%;112;2013-08-30;
35,99;35,99;33,70;34,99;0,00%;580;2013-08-29;
35,80;35,80;33,05;35,54;2,13%;1040;2013-08-28;
36,80;36,80;34,60;34,80;0,00%;657;2013-08-27;
36,60;36,60;36,59;36,59;0,00%;68;2013-08-26;
36,90;36,90;36,50;36,60;0,00%;269;2013-08-23;
35,72;36,96;35,50;36,88;3,25%;518;2013-08-22;
35,58;36,22;35,02;35,72;1,77%;3208;2013-08-21;
36,99;36,99;35,10;35,10;0,00%;1437;2013-08-20;
37,49;37,49;36,05;36,48;0,00%;131;2013-08-19;
36,03;37,49;36,03;36,94;0,00%;2026;2013-08-16;
37,00;37,00;35,60;37,00;0,00%;4665;2013-08-14;
36,80;37,88;36,70;37,50;0,00%;346;2013-08-13;
37,18;37,99;37,18;37,90;1,94%;581;2013-08-12;
36,95;37,49;36,65;37,18;0,00%;3627;2013-08-09;
37,00;38,70;37,00;37,85;0,00%;1445;2013-08-08;
38,00;39,20;38,00;38,79;0,00%;348;2013-08-07;
36,60;39,74;36,60;39,44;6,59%;3311;2013-08-06;
36,60;37,25;36,52;37,00;1,09%;5922;2013-08-05;
37,00;37,00;36,46;36,60;0,00%;5487;2013-08-02;
36,45;37,50;36,00;37,20;1,92%;11008;2013-08-01;
34,89;36,50;34,89;36,50;4,61%;3232;2013-07-31;
34,13;34,89;33,00;34,89;4,46%;14644;2013-07-30;
33,45;33,45;33,00;33,40;0,00%;1629;2013-07-29;
32,94;33,50;32,80;33,45;0,00%;13012;2013-07-26;
34,45;34,45;33,00;33,50;0,00%;5543;2013-07-25;
35,01;35,28;34,16;34,39;0,00%;1497;2013-07-24;
31,89;35,00;31,72;35,00;10,10%;19184;2013-07-23;
31,65;31,79;31,50;31,79;0,00%;84;2013-07-22;
31,90;31,90;30,90;31,89;0,44%;219;2013-07-19;
32,80;32,80;31,10;31,75;0,00%;203;2013-07-18;
32,98;32,99;32,40;32,40;0,00%;68;2013-07-17;
32,99;33,00;32,70;32,70;0,00%;54;2013-07-16;
33,46;33,46;32,85;33,00;0,00%;71;2013-07-15;
33,48;33,48;33,00;33,29;0,00%;145;2013-07-12;
33,40;33,40;32,39;33,29;2,46%;1107;2013-07-11;
33,15;33,15;32,11;32,49;0,00%;295;2013-07-10;
33,45;33,45;32,11;33,20;0,00%;530;2013-07-09;
34,70;35,04;33,32;33,50;0,00%;957;2013-07-05;
32,12;35,16;32,12;35,00;4,17%;9732;2013-07-04;
33,91;33,91;32,00;33,60;2,44%;1155;2013-07-03;
32,80;32,80;32,21;32,80;0,00%;8779;2013-07-02;
31,50;33,10;31,50;32,91;5,45%;1298;2013-07-01;
30,51;32,40;30,31;31,21;3,24%;1056;2013-06-28;
33,08;33,96;30,23;30,23;0,00%;2366;2013-06-27;
32,50;33,51;31,86;33,01;0,00%;3517;2013-06-26;
32,80;33,10;32,51;33,10;1,85%;3733;2013-06-25;
32,33;32,50;32,32;32,50;1,56%;3259;2013-06-24;
31,61;32,00;31,50;32,00;1,27%;1812;2013-06-21;
31,00;31,60;31,00;31,60;0,00%;3876;2013-06-20;
31,30;31,70;31,30;31,61;0,83%;5585;2013-06-19;
30,35;31,36;30,35;31,35;0,80%;6316;2013-06-18;
30,70;31,19;30,70;31,10;1,04%;4164;2013-06-17;
30,39;30,78;30,39;30,78;1,25%;6331;2013-06-14;
30,44;30,44;30,32;30,40;0,00%;28;2013-06-13;
30,08;30,45;30,00;30,45;0,83%;1126;2013-06-12;
30,19;30,30;29,66;30,20;0,20%;6942;2013-06-11;
30,25;30,25;29,51;30,14;0,43%;337;2013-06-10;
30,20;30,20;29,50;30,01;0,00%;912;2013-06-07;
30,49;30,55;30,02;30,55;0,56%;2160;2013-06-06;
30,99;30,99;30,20;30,38;0,00%;584;2013-06-05;
30,99;30,99;30,33;30,99;0,00%;50;2013-06-04;
30,95;31,20;30,80;30,99;0,62%;293;2013-06-03;
30,98;30,98;30,02;30,80;0,00%;188;2013-05-31;
30,99;30,99;29,00;30,99;0,45%;1458;2013-05-29;
30,70;30,85;30,00;30,85;1,48%;1941;2013-05-28;
30,30;30,40;29,50;30,40;1,33%;755;2013-05-27;
29,92;30,00;29,00;30,00;0,27%;258;2013-05-24;
31,15;31,20;29,92;29,92;0,00%;873;2013-05-23;
31,19;31,19;30,25;30,99;0,00%;156;2013-05-22;
31,26;31,26;30,32;31,26;0,00%;147;2013-05-21;
31,30;31,30;31,20;31,26;0,00%;16;2013-05-20;
31,30;31,30;31,26;31,26;0,00%;80;2013-05-17;
31,18;31,30;30,41;31,30;0,32%;738;2013-05-16;
30,99;31,20;30,13;31,20;0,65%;2436;2013-05-15;
31,00;31,38;30,55;31,00;0,00%;463;2013-05-14;
30,98;31,30;30,61;31,00;0,00%;111;2013-05-13;
31,20;31,30;30,90;31,00;0,32%;362;2013-05-10;
30,47;31,46;30,47;30,90;1,41%;3547;2013-05-09;
28,40;30,50;28,40;30,47;7,90%;2025;2013-05-08;
28,25;28,40;28,10;28,24;0,00%;352;2013-05-07;
27,30;28,61;27,25;28,61;0,56%;452;2013-05-06;
28,50;28,50;28,00;28,45;0,00%;120;2013-05-02;
27,00;28,49;27,00;28,49;4,74%;4548;2013-04-30;
27,49;27,49;27,00;27,20;0,59%;557;2013-04-29;
28,25;28,45;27,00;27,04;0,00%;1774;2013-04-26;
28,35;28,55;27,00;28,30;0,64%;2434;2013-04-25;
27,95;29,33;27,95;28,12;0,00%;1261;2013-04-24;
29,00;29,30;29,00;29,18;0,00%;110;2013-04-23;
29,00;29,30;28,01;29,20;4,29%;834;2013-04-22;
29,51;30,48;27,40;28,00;0,00%;1505;2013-04-19;
30,45;30,45;29,83;29,95;0,00%;3316;2013-04-18;
30,50;30,50;29,96;30,30;0,00%;2015;2013-04-17;
30,52;31,00;30,52;30,55;0,16%;1035;2013-04-15;
30,05;31,35;30,05;30,50;0,26%;3549;2013-04-12;
30,52;30,60;30,22;30,42;-0,26%;1391;2013-04-11;
30,05;30,72;30,05;30,50;-0,33%;590;2013-04-10;
30,46;30,92;30,20;30,60;3,66%;169;2013-04-09;
31,69;31,69;29,52;29,52;-6,26%;676;2013-04-08;
31,90;31,99;31,20;31,49;-0,51%;982;2013-04-05;
31,00;31,65;31,00;31,65;0,92%;4471;2013-04-04;
32,00;32,12;31,36;31,36;-2,00%;2698;2013-04-03;
30,60;32,00;30,60;32,00;4,58%;21114;2013-04-02;
30,18;30,60;30,17;30,60;1,16%;1086;2013-03-28;
30,00;30,25;29,69;30,25;1,17%;218;2013-03-27;
30,15;30,30;29,50;29,90;0,03%;428;2013-03-26;
29,64;29,89;29,00;29,89;2,01%;1838;2013-03-25;
29,95;29,95;29,03;29,30;-2,04%;1184;2013-03-22;
30,70;30,77;29,00;29,91;-0,57%;5916;2013-03-21;
29,56;30,10;29,56;30,08;3,01%;351;2013-03-20;
30,70;30,70;29,10;29,20;-3,95%;627;2013-03-19;
30,43;30,70;30,00;30,40;-0,16%;687;2013-03-18;
30,43;30,90;30,00;30,45;0,03%;817;2013-03-15;
29,49;30,50;29,45;30,44;3,19%;1541;2013-03-14;
29,95;29,95;29,41;29,50;-1,96%;2485;2013-03-13;
30,10;30,10;29,69;30,09;-0,03%;666;2013-03-12;
30,00;30,15;29,50;30,10;0,67%;2003;2013-03-11;
28,75;29,90;28,49;29,90;4,00%;2149;2013-03-08;
28,30;28,77;28,10;28,75;1,59%;290;2013-03-07;
28,75;28,90;28,30;28,30;-1,74%;3919;2013-03-06;
28,65;28,80;28,65;28,80;0,14%;191;2013-03-05;
28,52;28,95;28,50;28,76;2,57%;1201;2013-03-04;
28,01;28,55;28,00;28,04;-1,79%;687;2013-03-01;
28,45;28,55;28,01;28,55;0,95%;1532;2013-02-28;
28,32;28,33;28,10;28,28;-0,60%;166;2013-02-27;
28,50;28,50;28,06;28,45;-0,35%;286;2013-02-26;
28,53;28,55;28,53;28,55;0,00%;5;2013-02-25;
28,55;28,60;28,20;28,55;-0,17%;1164;2013-02-22;
28,68;28,88;28,22;28,60;-0,28%;988;2013-02-21;
28,83;28,83;28,34;28,68;-0,24%;104;2013-02-20;
28,95;28,95;28,51;28,75;-0,59%;137;2013-02-19;
28,45;29,10;28,44;28,92;1,54%;713;2013-02-18;
28,55;28,60;28,45;28,48;-0,42%;238;2013-02-15;
28,94;28,94;28,45;28,60;-0,66%;899;2013-02-14;
29,10;29,10;28,48;28,79;1,41%;438;2013-02-13;
28,45;29,10;28,00;28,39;0,89%;2450;2013-02-12;
28,95;28,95;28,13;28,14;-2,97%;2245;2013-02-11;
29,15;29,15;28,30;29,00;2,11%;133;2013-02-08;
28,50;29,00;27,91;28,40;-1,53%;773;2013-02-07;
29,29;29,29;28,60;28,84;-1,54%;478;2013-02-06;
29,28;29,29;29,28;29,29;-0,44%;3;2013-02-05;
29,99;29,99;28,70;29,42;-0,57%;1090;2013-02-04;
29,35;29,59;29,00;29,59;0,00%;577;2013-02-01;
29,94;29,94;29,01;29,59;-0,17%;305;2013-01-31;
29,89;29,89;28,69;29,64;2,10%;44;2013-01-30;
29,70;29,89;28,85;29,03;-0,92%;589;2013-01-29;
29,00;29,31;29,00;29,30;1,03%;869;2013-01-28;
29,24;29,71;28,72;29,00;-0,85%;630;2013-01-25;
29,33;29,33;28,66;29,25;-0,51%;245;2013-01-24;
29,10;29,50;29,08;29,40;1,10%;136;2013-01-23;
28,90;29,08;28,59;29,08;0,55%;2147;2013-01-22;
29,68;29,71;28,70;28,92;-1,67%;1621;2013-01-21;
30,35;30,35;29,35;29,41;-2,91%;1634;2013-01-18;
30,35;30,35;30,25;30,29;0,60%;108;2013-01-17;
30,00;30,20;30,00;30,11;-0,76%;1073;2013-01-16;
30,29;30,42;30,00;30,34;-0,10%;3120;2013-01-15;
29,99;30,50;29,83;30,37;0,93%;768;2013-01-14;
29,80;30,29;29,30;30,09;1,48%;21411;2013-01-11;
30,25;30,51;29,62;29,65;-1,17%;1456;2013-01-10;
28,78;30,90;28,78;30,00;4,20%;17099;2013-01-09;
27,28;28,90;27,22;28,79;5,77%;7995;2013-01-08;
27,40;27,40;27,00;27,22;-0,29%;4641;2013-01-07;
27,00;27,45;27,00;27,30;1,68%;4167;2013-01-04;
27,42;27,42;26,85;26,85;-2,08%;1086;2013-01-03;
27,20;27,45;27,00;27,42;1,56%;993;2013-01-02;
27,15;27,15;27,00;27,00;0,37%;519;2012-12-28;
27,00;27,20;26,80;26,90;-0,37%;2441;2012-12-27;
27,00;27,00;26,26;27,00;-0,66%;1866;2012-12-21;
27,30;27,30;27,05;27,18;-0,44%;4780;2012-12-20;
27,29;27,30;27,12;27,30;0,00%;462;2012-12-19;
27,30;27,30;27,13;27,30;0,00%;377;2012-12-18;
27,10;27,39;27,10;27,30;0,00%;4858;2012-12-17;
27,00;27,30;26,80;27,30;1,87%;1596;2012-12-14;
26,85;27,00;26,61;26,80;0,00%;137;2012-12-13;
27,43;27,43;26,55;26,80;0,00%;1210;2012-12-12;
27,00;27,25;26,65;26,80;-0,74%;731;2012-12-11;
27,49;27,50;26,50;27,00;1,09%;25075;2012-12-10;
27,35;27,36;26,71;26,71;-1,04%;167;2012-12-07;
27,40;27,40;26,79;26,99;-0,04%;341;2012-12-06;
27,24;27,49;26,91;27,00;-0,70%;597;2012-12-05;
27,69;27,69;26,40;27,19;0,70%;801;2012-12-04;
26,80;27,80;26,80;27,00;0,60%;287;2012-12-03;
26,85;27,00;26,41;26,84;1,98%;621;2012-11-30;
26,90;26,90;26,32;26,32;-2,16%;332;2012-11-29;
26,90;26,90;26,26;26,90;0,00%;221;2012-11-28;
27,00;27,00;26,50;26,90;0,34%;203;2012-11-27;
27,47;27,47;26,81;26,81;-1,97%;866;2012-11-26;
27,20;27,44;27,01;27,35;1,26%;595;2012-11-23;
27,47;27,47;27,01;27,01;-1,67%;904;2012-11-22;
27,79;28,00;27,45;27,47;-0,58%;561;2012-11-21;
28,00;28,36;27,24;27,63;0,58%;589;2012-11-20;
27,78;27,78;26,80;27,47;0,73%;1061;2012-11-19;
28,20;28,20;27,00;27,27;-0,26%;895;2012-11-16;
27,01;28,43;27,01;27,34;-4,04%;1300;2012-11-15;
28,10;28,49;28,10;28,49;1,39%;339;2012-11-14;
28,50;28,50;28,15;28,49;1,10%;201;2012-11-12;
28,65;28,65;28,18;28,18;-2,15%;326;2012-11-09;
28,50;28,80;28,33;28,80;1,66%;221;2012-11-08;
29,35;29,35;28,27;28,33;-3,64%;1216;2012-11-07;
29,30;29,45;28,80;29,40;0,72%;282;2012-11-06;
29,79;29,90;29,00;29,19;-1,65%;465;2012-11-05;
29,80;29,90;28,90;29,68;2,34%;443;2012-11-02;
28,89;29,00;28,89;29,00;0,38%;237;2012-10-31;
28,69;28,89;28,20;28,89;0,70%;671;2012-10-30;
28,11;29,00;28,11;28,69;-0,38%;680;2012-10-29;
28,76;28,80;28,18;28,80;0,07%;213;2012-10-26;
28,80;28,80;28,02;28,78;-0,07%;717;2012-10-25;
28,72;29,00;28,20;28,80;0,21%;484;2012-10-24;
28,74;28,74;28,74;28,74;0,00%;10;2012-10-23;
28,01;28,80;28,01;28,74;-0,21%;329;2012-10-22;
28,60;28,90;28,00;28,80;2,27%;1146;2012-10-19;
29,00;29,36;28,16;28,16;-3,89%;1438;2012-10-18;
29,50;29,50;28,70;29,30;-0,98%;1376;2012-10-17;
29,45;29,59;29,10;29,59;0,37%;1165;2012-10-16;
29,43;29,80;29,01;29,48;0,00%;644;2012-10-15;
29,60;29,60;29,29;29,48;-0,41%;662;2012-10-12;
29,94;30,00;29,60;29,60;-1,27%;519;2012-10-11;
29,99;30,00;29,60;29,98;0,44%;416;2012-10-10;
30,00;30,53;29,61;29,85;-0,50%;447;2012-10-09;
30,40;30,95;29,60;30,00;-1,32%;1139;2012-10-08;
30,45;30,45;30,40;30,40;-0,33%;52;2012-10-05;
30,49;30,50;30,49;30,50;1,13%;44;2012-10-04;
30,80;30,90;30,16;30,16;-0,79%;1052;2012-10-03;
30,80;30,94;30,25;30,40;-1,71%;659;2012-10-02;
30,80;30,95;30,00;30,90;-0,16%;1902;2012-09-28;
30,94;30,95;30,20;30,95;0,00%;148;2012-09-27;
30,90;31,00;30,17;30,95;-0,16%;226;2012-09-26;
31,89;31,89;30,55;31,88;1,50%;168;2012-09-24;
31,31;31,79;30,70;31,41;2,92%;214;2012-09-21;
30,50;31,78;30,50;30,52;-2,55%;186;2012-09-20;
31,70;32,00;31,32;31,32;-1,20%;280;2012-09-19;
31,88;31,89;31,00;31,70;-0,31%;343;2012-09-18;
32,00;32,00;31,53;31,80;-0,63%;858;2012-09-17;
31,99;32,00;31,95;32,00;0,03%;486;2012-09-14;
31,99;31,99;31,99;31,99;0,00%;2;2012-09-13;
31,99;32,00;31,01;31,99;0,00%;371;2012-09-12;
31,99;31,99;31,71;31,99;0,88%;41;2012-09-11;
32,50;32,50;31,71;31,71;-2,58%;150;2012-09-10;
32,55;32,60;32,00;32,55;0,12%;385;2012-09-07;
32,67;32,90;32,12;32,51;-0,85%;626;2012-09-06;
32,30;32,79;32,00;32,79;0,89%;605;2012-09-05;
32,33;32,50;31,90;32,50;0,53%;371;2012-09-04;
31,90;32,45;31,41;32,33;1,03%;490;2012-09-03;
32,37;32,42;31,30;32,00;0,98%;430;2012-08-31;
31,37;32,00;31,00;31,69;1,28%;303;2012-08-30;
31,00;31,29;30,89;31,29;1,29%;61;2012-08-29;
30,19;30,89;30,19;30,89;2,01%;181;2012-08-28;
29,33;30,28;29,33;30,28;1,99%;182;2012-08-27;
30,60;30,60;29,76;30,49;-0,36%;135;2012-08-10;
30,84;30,84;29,62;30,60;0,69%;106;2012-08-09;
30,10;30,41;29,49;30,39;-1,01%;569;2012-08-08;
30,70;30,70;30,70;30,70;0,49%;2;2012-08-07;
30,10;31,27;30,00;30,55;-1,04%;712;2012-08-06;
30,01;31,37;30,01;30,87;-0,42%;296;2012-08-03;
31,21;31,99;31,00;31,00;-3,09%;675;2012-08-02;
32,40;32,40;31,35;31,99;0,28%;154;2012-08-01;
32,40;32,40;31,60;31,90;-0,28%;31;2012-07-31;
31,89;31,99;30,70;31,99;1,75%;367;2012-07-30;
32,40;32,40;31,44;31,44;-2,96%;333;2012-07-27;
32,25;32,40;32,25;32,40;1,25%;136;2012-07-26;
32,30;32,30;31,11;32,00;0,16%;549;2012-07-25;
30,95;32,40;30,00;31,95;1,56%;2112;2012-07-24;
30,50;31,99;30,36;31,46;0,54%;835;2012-07-23;
31,55;31,80;31,00;31,29;-0,95%;1284;2012-07-20;
31,20;31,75;31,00;31,59;1,90%;292;2012-07-19;
32,40;32,40;31,00;31,00;-4,02%;1059;2012-07-18;
32,62;32,99;32,00;32,30;-2,09%;1777;2012-07-17;
32,90;33,45;32,60;32,99;-0,03%;511;2012-07-16;
33,00;33,00;32,53;33,00;0,00%;139;2012-07-13;
33,20;33,20;33,00;33,00;1,35%;623;2012-07-12;
33,50;33,50;32,56;32,56;-2,86%;563;2012-07-11;
33,98;33,98;33,21;33,52;-1,35%;757;2012-07-10;
33,97;33,99;33,12;33,98;-0,03%;449;2012-07-09;
34,40;34,45;32,74;33,99;0,41%;304;2012-07-06;
34,60;34,90;33,85;33,85;-1,63%;297;2012-07-05;
34,60;34,60;33,20;34,41;-0,55%;578;2012-07-04;
34,49;35,00;34,00;34,60;-0,49%;791;2012-07-03;
35,00;35,00;34,00;34,77;-0,63%;737;2012-07-02;
32,33;35,00;31,22;34,99;9,34%;11754;2012-06-29;
32,43;32,43;31,00;32,00;0,19%;39;2012-06-28;
31,94;31,94;31,94;31,94;-0,09%;7;2012-06-27;
32,35;32,64;31,50;31,97;-1,60%;382;2012-06-26;
32,44;32,89;31,81;32,49;0,53%;112;2012-06-25;
32,35;32,45;31,38;32,32;2,15%;432;2012-06-22;
32,99;32,99;31,64;31,64;-4,12%;621;2012-06-21;
32,85;33,95;32,40;33,00;0,09%;892;2012-06-20;
32,97;32,97;31,50;32,97;2,71%;753;2012-06-19;
32,40;32,99;32,05;32,10;-0,93%;582;2012-06-18;
31,30;33,00;31,00;32,40;3,85%;1835;2012-06-15;
30,54;31,20;30,00;31,20;2,30%;929;2012-06-14;
30,47;30,50;29,41;30,50;0,43%;430;2012-06-13;
30,50;30,50;29,61;30,37;-0,49%;400;2012-06-12;
30,54;30,54;29,78;30,52;-0,07%;141;2012-06-11;
30,00;30,54;30,00;30,54;2,76%;27892;2012-06-08;
30,00;30,00;29,13;30,00;0,00%;313;2012-06-05;
29,85;30,00;28,50;30,00;0,70%;1105;2012-06-04;
30,00;30,00;29,12;29,79;-0,70%;263;2012-06-01;
29,89;30,00;29,51;30,00;0,44%;188;2012-05-31;
29,87;29,87;29,87;29,87;0,95%;61;2012-05-30;
29,89;29,89;29,21;29,59;-1,00%;122;2012-05-29;
29,50;29,95;29,50;29,89;1,39%;887;2012-05-28;
29,22;29,50;29,01;29,48;2,72%;1093;2012-05-25;
29,30;29,70;28,70;28,70;-2,71%;899;2012-05-24;
29,79;29,79;28,85;29,50;-0,67%;277;2012-05-23;
29,50;29,70;29,33;29,70;0,34%;1120;2012-05-22;
29,25;29,79;29,00;29,60;1,20%;981;2012-05-21;
29,85;29,85;28,67;29,25;-0,85%;342;2012-05-18;
30,00;30,00;29,50;29,50;-1,67%;768;2012-05-17;
29,66;30,00;28,60;30,00;-0,33%;629;2012-05-16;
30,00;30,70;28,58;30,10;-1,31%;875;2012-05-15;
31,00;31,00;30,02;30,50;-0,81%;612;2012-05-14;
30,77;30,78;30,13;30,75;0,23%;283;2012-05-11;
30,77;30,78;30,04;30,68;-0,32%;432;2012-05-10;
30,03;31,30;30,03;30,78;2,06%;2717;2012-05-09;
30,00;30,16;30,00;30,16;0,50%;883;2012-05-08;
31,35;31,35;30,01;30,01;-5,90%;2098;2012-05-07;
31,45;31,99;31,45;31,89;-0,03%;141;2012-05-04;
31,99;31,99;31,90;31,90;-0,31%;102;2012-05-02;
30,78;32,00;30,50;32,00;4,27%;1083;2012-04-30;
29,88;31,06;29,51;30,65;2,58%;128;2012-04-26;
29,88;29,88;29,21;29,88;0,00%;754;2012-04-25;
30,00;30,00;29,10;29,88;-0,76%;573;2012-04-24;
31,30;31,30;29,02;30,11;-2,24%;548;2012-04-23;
30,30;31,00;30,30;30,80;1,52%;39404;2012-04-20;
31,19;31,19;30,34;30,34;-2,76%;1945;2012-04-19;
31,00;31,60;30,31;31,20;0,65%;852;2012-04-18;
31,00;31,00;30,51;31,00;-3,13%;1952;2012-04-17;
32,49;32,50;32,00;32,00;-3,03%;1298;2012-04-16;
33,35;33,35;32,80;33,00;-0,60%;64899;2012-04-13;
32,80;33,20;32,50;33,20;2,47%;976;2012-04-12;
33,50;33,50;31,00;32,40;-4,57%;4020;2012-04-11;
33,75;33,95;33,75;33,95;-0,73%;172;2012-04-10;
34,20;34,20;33,74;34,20;-0,58%;277;2012-04-05;
34,50;34,50;34,20;34,50;-0,43%;978;2012-04-03;
34,04;34,80;34,04;34,65;-0,43%;4489;2012-04-02;
34,83;34,99;34,22;34,80;0,72%;905;2012-03-30;
34,00;34,85;34,00;34,55;1,35%;528;2012-03-29;
34,01;34,84;34,01;34,09;-2,43%;1003;2012-03-28;
35,00;35,00;34,01;34,94;-0,03%;2117;2012-03-27;
34,98;34,98;34,00;34,95;0,00%;1601;2012-03-26;
34,50;35,00;34,01;34,95;-0,06%;1956;2012-03-23;
35,10;35,10;34,01;34,97;-0,63%;774;2012-03-22;
35,38;35,38;34,20;35,19;0,00%;1561;2012-03-21;
35,48;35,48;34,01;35,19;-0,79%;1118;2012-03-20;
35,48;35,48;35,05;35,47;-0,03%;733;2012-03-19;
35,00;35,48;35,00;35,48;1,40%;1560;2012-03-16;
35,00;35,00;34,60;34,99;0,00%;586;2012-03-15;
34,90;35,00;34,90;34,99;0,11%;350;2012-03-14;
34,99;34,99;34,60;34,95;-0,14%;120;2012-03-13;
35,00;35,00;34,60;35,00;0,32%;605;2012-03-12;
35,00;35,00;34,89;34,89;0,26%;312;2012-03-09;
34,90;35,00;34,03;34,80;0,43%;746;2012-03-08;
34,89;34,89;33,55;34,65;-0,69%;1097;2012-03-07;
35,00;35,00;34,33;34,89;-0,17%;235;2012-03-06;
35,49;35,49;34,50;34,95;-1,41%;846;2012-03-05;
35,23;35,40;34,50;35,35;0,28%;1718;2012-02-28;
35,39;35,39;35,00;35,25;0,14%;115;2012-02-27;
35,40;35,40;34,85;35,20;1,09%;81;2012-02-24;
35,00;35,34;34,82;34,82;-0,51%;147;2012-02-23;
35,45;35,45;34,16;35,00;-1,38%;970;2012-02-22;
34,80;35,49;33,80;35,49;1,72%;2030;2012-02-21;
34,12;34,90;34,12;34,89;1,42%;1129;2012-02-20;
34,64;34,64;34,01;34,40;0,17%;591;2012-02-17;
34,75;34,75;33,99;34,34;-0,43%;301;2012-02-16;
34,90;34,90;33,66;34,49;-1,17%;1816;2012-02-15;
33,64;34,90;33,64;34,90;2,80%;1554;2012-02-14;
33,99;34,00;33,95;33,95;-0,09%;225;2012-02-13;
34,00;34,44;33,62;33,98;-0,06%;769;2012-02-10;
36,49;36,49;33,81;34,00;-6,08%;11553;2012-02-09;
35,50;36,20;35,00;36,20;3,43%;4855;2012-02-08;
33,90;35,00;33,15;35,00;4,17%;9414;2012-02-07;
33,65;33,65;33,15;33,60;-0,27%;256;2012-02-06;
33,00;33,70;33,00;33,69;0,57%;1415;2012-02-03;
33,50;33,95;33,50;33,50;0,00%;700;2012-02-02;
33,10;33,70;33,10;33,50;0,03%;526;2012-02-01;
33,50;33,50;33,15;33,49;-0,03%;989;2012-01-31;
34,55;34,55;33,10;33,50;-1,41%;260;2012-01-30;
33,60;33,98;33,60;33,98;2,35%;85;2012-01-27;
33,35;33,69;33,15;33,20;-0,60%;2809;2012-01-26;
33,60;33,60;33,00;33,40;1,03%;117;2012-01-25;
34,00;34,00;33,06;33,06;-2,62%;945;2012-01-24;
33,90;34,30;33,66;33,95;-0,15%;669;2012-01-23;
34,30;34,33;33,51;34,00;-0,87%;20848;2012-01-20;
34,62;34,62;31,21;34,30;-0,52%;1872;2012-01-19;
34,62;34,62;34,30;34,48;-0,40%;322;2012-01-18;
34,60;34,63;34,00;34,62;1,08%;393;2012-01-17;
34,25;34,25;34,00;34,25;0,74%;146;2012-01-16;
34,63;34,63;33,80;34,00;-1,82%;789;2012-01-13;
34,95;34,95;34,00;34,63;-0,92%;419;2012-01-12;
35,10;35,10;34,50;34,95;1,30%;210;2012-01-11;
34,70;35,10;33,57;34,50;0,29%;315;2012-01-10;
34,00;35,45;34,00;34,40;-1,15%;505;2012-01-09;
34,00;34,80;33,65;34,80;2,35%;516;2012-01-05;
34,20;35,50;33,52;34,00;1,49%;302;2012-01-04;
32,52;33,60;32,40;33,50;0,00%;10361;2012-01-02;
33,40;33,59;33,40;33,50;0,99%;15346;2011-12-30;
31,85;33,17;31,80;33,17;4,64%;1357;2011-12-29;
32,00;32,00;30,33;31,70;0,00%;780;2011-12-28;
32,30;33,27;31,70;31,70;-4,80%;31177;2011-12-27;
33,01;33,35;33,01;33,30;0,85%;143;2011-12-23;
33,45;33,45;33,02;33,02;-1,29%;20708;2011-12-22;
33,00;33,49;31,17;33,45;1,36%;14579;2011-12-21;
34,00;34,00;33,00;33,00;-3,54%;545;2011-12-20;
35,48;35,68;34,21;34,21;-3,61%;1099;2011-12-19;
35,79;35,79;34,60;35,49;-0,73%;11937;2011-12-16;
36,21;36,21;34,50;35,75;-0,69%;12445;2011-12-15;
36,40;36,40;35,00;36,00;0,00%;13313;2011-12-14;
35,52;36,80;35,52;36,00;-1,34%;11185;2011-12-13;
36,98;36,98;35,50;36,49;-1,35%;1602;2011-12-12;
34,60;36,99;34,60;36,99;3,61%;14852;2011-12-09;
35,71;35,71;35,18;35,70;2,00%;11091;2011-12-08;
36,98;36,98;35,00;35,00;-5,35%;10593;2011-12-07;
36,99;36,99;35,77;36,98;-0,05%;545;2011-12-06;
35,60;37,00;35,60;37,00;3,93%;577;2011-12-05;
37,00;37,00;35,60;35,60;-3,78%;955;2011-12-02;
36,00;37,00;35,23;37,00;2,78%;322;2011-12-01;
35,01;36,00;35,00;36,00;1,69%;1736;2011-11-30;
36,00;36,00;34,21;35,40;-1,67%;1381;2011-11-29;
34,10;36,00;34,10;36,00;6,19%;904;2011-11-28;
33,29;33,90;32,27;33,90;1,80%;10727;2011-11-25;
32,12;33,32;32,12;33,30;1,15%;1109;2011-11-24;
32,90;33,00;32,00;32,92;2,55%;1402;2011-11-23;
31,10;32,90;31,10;32,10;3,22%;863;2011-11-22;
32,70;32,90;30,06;31,10;-5,81%;1558;2011-11-21;
35,14;35,14;33,01;33,02;-6,06%;1711;2011-11-18;
35,31;35,55;35,15;35,15;-0,14%;945;2011-11-17;
36,79;36,79;35,20;35,20;-4,61%;2872;2011-11-16;
37,50;38,22;36,12;36,90;-2,12%;1898;2011-11-15;
38,79;38,79;37,70;37,70;-3,33%;2318;2011-11-14;
38,89;39,00;37,40;39,00;0,00%;4029;2011-11-10;
38,50;39,60;37,50;39,00;0,00%;12528;2011-11-09;
35,50;39,00;35,01;39,00;10,17%;4810;2011-11-08;
35,85;35,85;35,00;35,40;0,14%;1082;2011-11-07;
35,50;35,50;34,83;35,35;4,90%;1535;2011-11-04;
35,00;35,70;33,70;33,70;-2,32%;2388;2011-11-03;
33,25;34,50;32,50;34,50;1,47%;1861;2011-11-02;
33,60;34,30;33,50;34,00;1,16%;222;2011-10-31;
34,43;34,43;33,10;33,61;-1,12%;1382;2011-10-28;
33,00;34,40;33,00;33,99;3,00%;1181;2011-10-27;
33,00;33,50;32,50;33,00;0,00%;9476;2011-10-26;
34,00;34,00;32,70;33,00;0,00%;1250;2011-10-25;
31,85;34,80;31,85;33,00;4,76%;53367;2011-10-24;
31,19;31,90;31,00;31,50;0,96%;1747;2011-10-21;
31,19;31,20;29,51;31,20;0,00%;5693;2011-10-20;
31,01;31,41;31,00;31,20;-0,70%;337;2011-10-19;
31,70;31,70;30,76;31,42;-1,50%;25243;2011-10-18;
31,90;31,90;31,50;31,90;0,16%;366;2011-10-17;
31,90;31,90;31,50;31,85;0,47%;841;2011-10-14;
31,90;31,90;30,45;31,70;0,32%;762;2011-10-13;
31,79;31,79;31,05;31,60;-0,63%;486;2011-10-12;
31,47;31,80;31,25;31,80;0,98%;834;2011-10-11;
30,43;31,70;30,43;31,49;3,59%;11616;2011-10-10;
31,39;31,39;30,05;30,40;-0,16%;839;2011-10-07;
30,95;31,00;30,10;30,45;-1,74%;1495;2011-10-06;
29,65;31,40;29,65;30,99;1,77%;687;2011-10-05;
31,20;31,20;29,75;30,45;-2,40%;1950;2011-10-04;
31,49;31,49;29,13;31,20;-0,86%;1647;2011-10-03;
31,00;31,47;30,95;31,47;1,52%;1522;2011-09-30;
30,70;31,00;30,69;31,00;0,65%;1285;2011-09-29;
30,70;30,80;30,50;30,80;1,65%;634;2011-09-28;
30,50;30,50;30,00;30,30;0,00%;1200;2011-09-27;
30,00;30,50;29,52;30,30;1,00%;1431;2011-09-26;
30,00;30,40;28,60;30,00;-1,64%;5714;2011-09-23;
30,90;30,90;29,54;30,50;-1,04%;2001;2011-09-22;
30,80;30,82;30,50;30,82;1,72%;1369;2011-09-21;
29,90;30,81;29,90;30,30;-0,69%;5581;2011-09-20;
30,90;30,90;30,03;30,51;-0,46%;1947;2011-09-19;
29,51;30,70;29,51;30,65;1,83%;9256;2011-09-16;
29,90;30,50;29,50;30,10;2,73%;2949;2011-09-15;
28,99;29,95;28,76;29,30;3,53%;3927;2011-09-14;
27,13;28,50;27,13;28,30;-0,53%;3364;2011-09-13;
28,99;28,99;27,04;28,45;-0,18%;1772;2011-09-12;
28,50;28,50;27,57;28,50;1,60%;1346;2011-09-09;
28,89;29,00;28,05;28,05;0,18%;1500;2011-09-08;
27,12;28,24;27,12;28,00;0,11%;744;2011-09-07;
27,90;28,16;27,06;27,97;0,25%;562;2011-09-06;
28,81;29,94;27,89;27,90;-6,84%;1390;2011-09-05;
30,49;30,49;29,05;29,95;-1,61%;244;2011-09-02;
31,97;31,97;30,20;30,44;-3,18%;1819;2011-09-01;
31,98;31,98;30,50;31,44;1,55%;1029;2011-08-31;
31,00;31,00;30,60;30,96;1,18%;1011;2011-08-30;
30,50;30,60;30,40;30,60;2,34%;810;2011-08-29;
29,00;30,50;29,00;29,90;3,10%;2271;2011-08-26;
27,00;29,08;27,00;29,00;7,73%;11117;2011-08-25;
26,50;26,94;26,50;26,92;1,58%;5580;2011-08-24;
26,70;26,70;25,73;26,50;0,42%;3300;2011-08-23;
27,00;27,00;25,30;26,39;1,54%;2316;2011-08-22;
26,52;26,90;25,00;25,99;-1,96%;2456;2011-08-19;
29,49;29,49;25,20;26,51;-10,14%;4287;2011-08-18;
29,99;29,99;28,90;29,50;-1,34%;2876;2011-08-17;
30,42;30,42;29,50;29,90;0,00%;2148;2011-08-16;
29,50;31,00;29,50;29,90;3,46%;6311;2011-08-12;
28,00;28,99;26,90;28,90;2,26%;3559;2011-08-11;
29,40;29,50;28,20;28,26;1,84%;2163;2011-08-10;
27,01;28,99;27,01;27,75;-1,28%;13288;2011-08-09;
27,50;29,40;27,50;28,11;-4,74%;12915;2011-08-08;
29,51;30,31;28,00;29,51;-6,61%;8111;2011-08-05;
33,85;33,91;30,73;31,60;-4,96%;5354;2011-08-04;
34,00;34,45;33,19;33,25;-4,45%;1951;2011-08-03;
34,90;34,90;34,00;34,80;0,32%;508;2011-08-02;
32,60;34,90;32,60;34,69;5,31%;1368;2011-08-01;
33,50;33,50;32,55;33,49;-0,77%;968;2011-07-28;
34,10;34,10;33,16;33,75;-0,71%;362;2011-07-27;
34,00;34,10;33,90;33,99;-0,58%;1028;2011-07-26;
34,30;35,40;33,50;34,19;1,57%;3349;2011-07-25;
32,00;33,69;32,00;33,66;3,76%;71863;2011-07-22;
35,58;35,58;33,15;33,15;-4,74%;1576;2011-07-19;
36,50;36,50;34,10;34,80;-1,42%;1010;2011-07-18;
35,77;35,77;34,10;35,30;-1,31%;3060;2011-07-15;
35,31;35,80;34,01;35,77;3,68%;1127;2011-07-14;
34,98;34,98;33,60;34,50;3,29%;1608;2011-07-13;
34,97;35,90;32,60;33,40;-4,57%;3942;2011-07-12;
36,90;36,90;35,00;35,00;-5,38%;13952;2011-07-11;
37,60;37,65;36,80;37,00;-2,63%;4686;2011-07-07;
37,51;38,90;37,51;38,00;-3,06%;3033;2011-07-06;
40,55;40,70;39,20;39,20;-3,33%;1486;2011-07-05;
40,60;41,79;40,20;40,55;-0,12%;528;2011-07-04;
40,80;40,80;40,10;40,60;-0,93%;506;2011-07-01;
40,90;40,99;40,10;40,98;1,19%;1068;2011-06-30;
40,90;41,50;40,00;40,50;-1,56%;1699;2011-06-29;
40,00;42,00;40,00;41,14;0,86%;855;2011-06-28;
40,20;40,95;37,15;40,79;-0,39%;4634;2011-06-27;
41,15;41,15;40,70;40,95;-1,18%;420;2011-06-24;
41,98;41,98;40,40;41,44;-0,14%;2714;2011-06-22;
42,00;42,00;40,19;41,50;-0,95%;2708;2011-06-21;
42,85;42,85;41,70;41,90;-1,87%;411;2011-06-20;
43,00;43,00;42,00;42,70;0,71%;1044;2011-06-17;
43,00;43,00;41,80;42,40;0,24%;617;2011-06-16;
43,78;43,78;42,30;42,30;-2,76%;643;2011-06-15;
42,69;43,50;42,02;43,50;1,87%;1246;2011-06-14;
41,83;42,84;41,83;42,70;1,67%;490;2011-06-13;
43,20;43,20;42,00;42,00;-1,06%;677;2011-06-10;
42,70;42,70;42,05;42,45;-0,61%;451;2011-06-09;
43,65;43,65;42,71;42,71;-1,82%;488;2011-06-08;
43,59;43,59;42,80;43,50;0,58%;832;2011-06-07;
42,35;43,59;42,35;43,25;0,58%;208;2011-06-06;
43,39;43,39;42,25;43,00;-0,69%;2848;2011-06-03;
43,50;43,50;42,15;43,30;-1,59%;2096;2011-06-02;
45,00;45,00;43,71;44,00;-3,06%;1609;2011-06-01;
41,90;45,39;41,60;45,39;8,15%;4388;2011-05-31;
42,20;42,20;41,91;41,97;-1,20%;593;2011-05-30;
42,50;42,50;42,01;42,48;-0,05%;846;2011-05-27;
42,40;42,50;41,64;42,50;0,26%;2392;2011-05-26;
41,81;42,39;41,50;42,39;-0,26%;2054;2011-05-25;
42,75;42,75;42,00;42,50;-0,21%;336;2011-05-24;
42,26;42,59;42,25;42,59;-0,61%;2225;2011-05-23;
43,18;43,18;42,25;42,85;-0,12%;1132;2011-05-20;
43,00;43,00;42,40;42,90;-0,23%;667;2011-05-19;
42,00;43,00;41,90;43,00;1,42%;4152;2011-05-18;
42,00;43,00;41,87;42,40;-1,40%;4625;2011-05-17;
42,27;43,00;41,61;43,00;0,00%;1199;2011-05-16;
43,48;43,48;42,12;43,00;-1,26%;1109;2011-05-13;
43,70;43,70;42,02;43,55;-0,68%;1553;2011-05-12;
41,54;43,85;41,45;43,85;5,64%;1899;2011-05-11;
42,50;43,00;41,03;41,51;-3,47%;2308;2011-05-10;
44,00;44,20;43,00;43,00;-1,89%;1222;2011-05-09;
44,80;44,80;43,82;43,83;-2,38%;564;2011-05-06;
44,90;44,90;43,85;44,90;0,00%;1273;2011-05-05;
45,10;45,10;44,14;44,90;-0,44%;197;2011-05-04;
45,00;45,10;44,35;45,10;0,22%;282;2011-05-02;
44,50;45,20;44,50;45,00;-0,42%;307;2011-04-29;
44,01;44,98;43,90;44,79;0,54%;1343;2011-04-27;
45,39;45,39;44,55;44,55;-1,44%;1767;2011-04-26;
44,70;46,00;44,70;45,20;0,89%;236;2011-04-21;
44,78;46,50;43,72;44,80;0,00%;66334;2011-04-20;
44,00;44,80;43,55;44,80;-0,09%;1566;2011-04-19;
45,40;45,40;44,00;44,84;-1,02%;1965;2011-04-18;
45,23;45,30;44,35;45,30;0,13%;534;2011-04-15;
45,89;45,89;44,92;45,24;-1,61%;629;2011-04-14;
44,84;46,80;44,27;45,98;2,54%;2692;2011-04-13;
45,35;45,35;44,40;44,84;-1,19%;1319;2011-04-12;
46,00;46,00;44,80;45,38;-1,35%;632;2011-04-11;
45,98;46,48;45,71;46,00;-0,22%;518;2011-04-08;
46,65;46,88;45,71;46,10;-1,18%;868;2011-04-07;
46,93;46,93;46,22;46,65;-0,53%;0;2011-04-06;
46,95;47,00;45,75;46,90;0,64%;17845;2011-04-05;
46,91;46,95;46,05;46,60;-0,60%;7364;2011-04-04;
46,66;46,94;46,50;46,88;0,62%;1626;2011-04-01;
46,10;46,60;45,62;46,59;1,28%;82933;2011-03-31;
45,02;46,00;44,81;46,00;2,27%;8659;2011-03-30;
43,75;44,99;43,75;44,98;3,02%;4909;2011-03-29;
44,25;44,25;43,31;43,66;-1,38%;911;2011-03-28;
43,65;44,34;43,63;44,27;1,47%;446;2011-03-25;
44,50;44,50;43,63;43,63;-1,96%;2109;2011-03-24;
44,99;45,45;44,31;44,50;-0,76%;3690;2011-03-23;
43,80;45,50;43,11;44,84;2,37%;3527;2011-03-22;
43,85;43,85;43,01;43,80;0,81%;729;2011-03-21;
42,98;43,50;42,20;43,45;1,28%;1624;2011-03-18;
43,00;43,00;42,15;42,90;0,89%;332;2011-03-17;
43,49;43,49;42,52;42,52;-2,25%;1362;2011-03-16;
43,85;43,85;42,32;43,50;-1,14%;1702;2011-03-15;
44,34;44,34;42,60;44,00;-0,65%;1695;2011-03-14;
44,40;44,40;43,80;44,29;0,43%;893;2011-03-11;
44,10;44,30;43,16;44,10;0,00%;1540;2011-03-10;
43,99;44,10;43,60;44,10;0,25%;3996;2011-03-09;
40,55;44,80;40,02;43,99;5,49%;6054;2011-03-08;
41,98;41,98;40,90;41,70;-0,69%;1585;2011-03-07;
41,99;41,99;41,51;41,99;0,05%;681;2011-03-04;
41,25;41,97;40,71;41,97;1,65%;914;2011-03-03;
40,80;41,31;40,60;41,31;1,50%;5266;2011-03-01;
40,70;41,30;40,60;40,70;0,49%;4710;2011-02-28;
40,10;42,00;40,00;40,50;1,02%;3769;2011-02-25;
40,00;40,25;39,31;40,09;0,28%;1176;2011-02-24;
39,80;40,90;39,15;39,98;-0,74%;2771;2011-02-23;
40,44;40,90;40,13;40,28;-4,07%;2652;2011-02-22;
43,55;43,55;41,51;41,99;-3,98%;3418;2011-02-21;
43,83;43,89;43,04;43,80;-0,05%;2665;2011-02-17;
44,00;44,00;43,60;43,82;-0,32%;753;2011-02-16;
44,00;44,25;43,60;43,96;0,27%;1158;2011-02-15;
43,99;43,99;43,60;43,84;-0,34%;553;2011-02-14;
44,20;44,20;43,60;43,99;-0,02%;2015;2011-02-11;
44,00;44,13;43,15;44,00;-0,11%;1132;2011-02-10;
44,20;44,20;43,60;44,05;-0,34%;400;2011-02-09;
44,30;44,30;43,61;44,20;0,45%;835;2011-02-08;
43,98;44,55;43,60;44,00;1,03%;2406;2011-02-07;
42,70;44,18;42,70;43,55;-1,69%;1832;2011-02-04;
45,50;45,50;43,12;44,30;-2,62%;3829;2011-02-03;
44,82;45,70;44,65;45,49;1,74%;807;2011-02-02;
45,28;45,28;44,50;44,71;-0,51%;1101;2011-02-01;
45,70;45,70;44,30;44,94;-1,77%;1456;2011-01-31;
45,80;45,80;45,01;45,75;-0,26%;537;2011-01-28;
44,98;45,87;44,90;45,87;1,98%;2199;2011-01-27;
44,10;44,98;44,10;44,98;2,00%;1328;2011-01-26;
44,98;44,98;43,50;44,10;-1,93%;4930;2011-01-25;
44,80;44,97;44,80;44,97;-0,02%;1352;2011-01-24;
44,97;44,98;44,70;44,98;0,02%;1798;2011-01-21;
44,60;44,98;44,60;44,97;0,00%;1379;2011-01-20;
44,10;44,97;44,10;44,97;0,83%;2943;2011-01-19;
44,59;44,63;44,44;44,60;0,02%;5063;2011-01-18;
43,80;44,59;43,80;44,59;1,80%;1654;2011-01-17;
44,20;44,60;43,43;43,80;-1,04%;3363;2011-01-14;
44,90;44,99;44,26;44,26;-1,64%;1066;2011-01-13;
44,95;45,00;44,01;45,00;0,00%;742;2011-01-12;
44,50;45,40;44,25;45,00;-1,49%;2004;2011-01-11;
46,48;46,49;44,00;45,68;-1,74%;3896;2011-01-10;
46,00;46,50;45,65;46,49;-0,24%;372;2011-01-07;
45,50;46,60;44,00;46,60;1,75%;53726;2011-01-05;
46,38;46,80;45,50;45,80;-0,43%;1120;2011-01-04;
47,77;47,77;44,61;46,00;-2,93%;1535;2011-01-03;
46,12;47,39;46,12;47,39;1,48%;10327;2010-12-31;
46,70;46,79;46,35;46,70;0,00%;1791;2010-12-30;
44,50;46,80;44,30;46,70;5,42%;12093;2010-12-29;
43,85;44,30;43,56;44,30;0,91%;5355;2010-12-28;
42,70;43,90;42,68;43,90;2,09%;10712;2010-12-27;
43,75;43,75;42,06;43,00;-0,92%;1881;2010-12-23;
43,90;43,90;43,15;43,40;-1,14%;1806;2010-12-22;
43,55;43,90;43,20;43,90;1,62%;2115;2010-12-21;
43,28;43,89;42,60;43,20;-1,59%;2780;2010-12-20;
42,85;43,90;42,10;43,90;3,78%;3241;2010-12-17;
42,10;43,05;42,06;42,30;0,57%;4237;2010-12-16;
44,11;44,88;42,01;42,06;-5,99%;16871;2010-12-15;
43,50;44,96;43,50;44,74;3,30%;6833;2010-12-14;
47,70;47,70;43,31;43,31;-8,63%;3178;2010-12-13;
47,50;47,50;47,00;47,40;-1,02%;1160;2010-12-10;
47,90;47,90;46,99;47,89;0,19%;4308;2010-12-09;
47,89;47,89;47,13;47,80;-0,10%;1148;2010-12-08;
47,90;47,90;47,50;47,85;1,38%;8051;2010-12-07;
46,95;47,24;46,30;47,20;3,06%;2630;2010-12-06;
47,00;47,00;45,70;45,80;-1,29%;4820;2010-12-03;
47,50;47,72;46,00;46,40;-1,28%;4722;2010-12-02;
46,99;47,45;46,50;47,00;3,55%;5032;2010-12-01;
43,95;45,50;43,95;45,39;3,25%;898;2010-11-30;
44,15;44,27;43,50;43,96;-0,72%;20990;2010-11-29;
45,80;45,80;44,14;44,28;-3,53%;2210;2010-11-26;
45,94;45,94;45,70;45,90;0,22%;1279;2010-11-25;
44,65;45,90;44,65;45,80;0,66%;1703;2010-11-24;
45,65;45,65;44,92;45,50;-0,11%;5898;2010-11-23;
44,67;45,55;44,67;45,55;1,97%;20275;2010-11-22;
44,95;44,95;43,36;44,67;1,52%;2294;2010-11-19;
44,00;44,86;44,00;44,00;0,00%;777;2010-11-18;
44,60;45,00;43,10;44,00;-2,24%;6727;2010-11-17;
46,00;46,00;45,01;45,01;-2,05%;3148;2010-11-16;
42,80;46,40;42,30;45,95;3,26%;13582;2010-11-15;
44,50;44,50;43,03;44,50;-0,63%;1054;2010-11-12;
45,01;45,01;43,50;44,78;1,43%;2033;2010-11-10;
45,00;45,10;44,03;44,15;-1,45%;3526;2010-11-09;
43,00;45,10;42,99;44,80;4,19%;4068;2010-11-08;
43,20;43,20;42,70;43,00;0,00%;1293;2010-11-05;
42,00;43,20;42,00;43,00;1,42%;1961;2010-11-04;
42,85;42,85;42,10;42,40;-1,51%;1045;2010-11-03;
42,80;43,05;42,50;43,05;0,58%;1136;2010-11-02;
42,56;43,00;42,31;42,80;-0,47%;1192;2010-10-29;
43,00;43,38;42,56;43,00;-0,90%;2235;2010-10-28;
43,30;43,39;42,21;43,39;0,46%;2401;2010-10-27;
43,01;43,19;42,10;43,19;0,44%;824;2010-10-26;
43,00;43,20;43,00;43,00;-0,46%;3475;2010-10-25;
43,00;43,20;42,12;43,20;0,75%;2699;2010-10-22;
42,77;42,99;42,00;42,88;0,21%;1077;2010-10-21;
41,30;43,40;41,00;42,79;0,68%;3678;2010-10-20;
42,50;43,25;42,50;42,50;-2,30%;582;2010-10-19;
43,45;43,50;41,98;43,50;0,46%;2830;2010-10-18;
43,69;43,69;43,00;43,30;-0,89%;1227;2010-10-15;
43,70;43,70;43,00;43,69;0,09%;1249;2010-10-14;
42,59;43,70;42,59;43,65;-0,30%;1455;2010-10-13;
43,90;43,90;42,60;43,78;-0,27%;1149;2010-10-12;
43,43;43,90;43,25;43,90;1,08%;1241;2010-10-11;
42,00;43,00;40,17;43,00;3,12%;3368;2010-10-07;
41,67;42,38;41,67;41,70;-1,63%;2944;2010-10-06;
42,00;42,39;41,71;42,39;-1,19%;1952;2010-10-05;
43,35;43,49;42,11;42,90;-1,04%;1873;2010-10-04;
43,70;43,70;42,61;43,35;-1,03%;1395;2010-10-01;
44,60;44,60;43,23;43,80;-2,01%;2987;2010-09-30;
44,00;45,00;41,52;44,70;1,75%;8962;2010-09-29;
44,97;44,97;43,93;43,93;-2,31%;1686;2010-09-28;
44,50;45,40;44,50;44,97;-2,20%;3452;2010-09-27;
44,85;45,98;43,90;45,98;1,05%;6546;2010-09-24;
47,20;47,20;44,90;45,50;-3,60%;4668;2010-09-23;
46,05;47,30;44,40;47,20;2,45%;6109;2010-09-22;
45,05;47,40;45,05;46,07;1,65%;8582;2010-09-21;
44,21;45,32;43,98;45,32;2,26%;7852;2010-09-20;
42,80;45,00;42,80;44,32;3,58%;9385;2010-09-17;
41,45;42,80;40,11;42,79;3,23%;3789;2010-09-16;
41,90;41,90;40,11;41,45;-1,07%;1690;2010-09-15;
42,35;42,60;41,80;41,90;-1,18%;3566;2010-09-14;
42,09;42,60;41,18;42,40;-0,93%;42820;2010-09-13;
43,49;43,49;42,34;42,80;-1,56%;1627;2010-09-10;
41,47;43,50;41,41;43,48;5,02%;55168;2010-09-09;
40,90;41,47;40,11;41,40;0,49%;2886;2010-09-08;
39,50;41,90;39,50;41,20;4,62%;17003;2010-09-07;
39,00;39,39;37,11;39,38;2,26%;66975;2010-09-06;
37,90;38,90;37,90;38,51;1,74%;12299;2010-09-03;
37,00;37,85;36,36;37,85;2,44%;11382;2010-09-02;
37,39;37,39;36,02;36,95;-0,40%;2505;2010-09-01;
36,03;37,30;36,03;37,10;0,54%;5604;2010-08-31;
36,00;37,40;35,52;36,90;1,10%;32417;2010-08-30;
35,94;36,88;35,51;36,50;1,96%;1447;2010-08-27;
36,35;36,40;35,60;35,80;-1,92%;2181;2010-08-26;
36,20;36,79;36,20;36,50;-2,67%;2632;2010-08-25;
39,34;39,34;37,50;37,50;-5,06%;3325;2010-08-24;
38,68;39,78;38,00;39,50;2,12%;2571;2010-08-23;
37,50;38,90;37,50;38,68;3,15%;1499;2010-08-20;
36,77;37,50;36,76;37,50;1,35%;10382;2010-08-19;
37,50;37,50;36,75;37,00;-1,33%;36032;2010-08-18;
37,40;37,50;36,93;37,50;0,27%;586;2010-08-17;
37,50;37,50;37,05;37,40;-0,27%;387;2010-08-16;
37,73;37,73;36,86;37,50;-0,66%;1385;2010-08-13;
37,88;37,88;36,76;37,75;-0,40%;1020;2010-08-12;
38,20;38,25;36,60;37,90;-0,26%;2355;2010-08-11;
39,57;39,57;37,75;38,00;-2,06%;2201;2010-08-10;
39,00;40,00;38,38;38,80;1,04%;1606;2010-08-09;
40,00;40,00;38,40;38,40;-3,03%;5708;2010-08-06;
39,60;39,60;39,00;39,60;-0,75%;1375;2010-08-05;
40,25;40,25;38,90;39,90;-0,94%;1828;2010-08-04;
40,40;40,40;39,15;40,28;-0,40%;2626;2010-08-03;
39,98;41,00;39,60;40,44;1,35%;3464;2010-08-02;
38,70;39,90;38,20;39,90;2,86%;3161;2010-07-30;
37,98;38,79;37,21;38,79;1,68%;1957;2010-07-29;
38,47;38,47;37,50;38,15;3,11%;2234;2010-07-28;
35,50;37,80;35,00;37,00;4,25%;8578;2010-07-27;
35,99;35,99;34,90;35,49;0,06%;1076;2010-07-26;
35,59;35,60;35,20;35,47;0,77%;797;2010-07-23;
36,20;36,20;34,95;35,20;-2,17%;1273;2010-07-22;
36,10;36,10;35,50;35,98;1,35%;652;2010-07-21;
36,00;36,01;35,50;35,50;-1,33%;960;2010-07-20;
35,00;35,99;35,00;35,98;-1,13%;1419;2010-07-19;
35,96;36,40;35,50;36,39;1,93%;3265;2010-07-16;
34,40;35,70;34,40;35,70;3,48%;1931;2010-07-15;
34,38;34,50;34,21;34,50;0,32%;474;2010-07-14;
34,39;34,39;33,41;34,39;0,26%;983;2010-07-13;
34,30;34,30;33,71;34,30;-0,26%;336;2010-07-12;
34,30;34,39;33,70;34,39;-0,32%;2010;2010-07-09;
33,68;34,50;33,68;34,50;2,40%;1193;2010-07-08;
33,70;33,70;32,00;33,69;2,09%;1221;2010-07-07;
32,90;33,00;32,50;33,00;2,58%;1280;2010-07-06;
32,60;32,60;31,20;32,17;-1,32%;1466;2010-07-05;
32,69;33,00;32,25;32,60;-0,31%;1437;2010-07-02;
31,23;32,90;31,21;32,70;2,99%;2160;2010-07-01;
32,14;32,14;31,18;31,75;-1,21%;1140;2010-06-30;
33,65;33,65;32,00;32,14;-5,41%;3465;2010-06-29;
35,00;35,00;33,40;33,98;-2,91%;991;2010-06-28;
33,37;35,00;32,60;35,00;5,96%;2035;2010-06-25;
34,60;34,60;33,00;33,03;-2,85%;1131;2010-06-24;
33,94;34,99;33,70;34,00;1,49%;5920;2010-06-23;
32,80;33,60;32,60;33,50;2,13%;1262;2010-06-22;
32,45;33,29;32,45;32,80;1,23%;2638;2010-06-21;
32,40;32,40;32,00;32,40;0,00%;1405;2010-06-18;
31,70;32,60;31,70;32,40;0,00%;1682;2010-06-17;
32,79;32,79;31,64;32,40;1,73%;11753;2010-06-16;
33,46;33,48;31,85;31,85;-4,21%;1926;2010-06-15;
33,96;34,49;33,21;33,25;-2,12%;1000;2010-06-14;
33,66;34,40;33,50;33,97;1,40%;1443;2010-06-11;
33,90;34,00;33,22;33,50;-2,62%;1989;2010-06-10;
33,87;34,48;33,68;34,40;-0,29%;1819;2010-06-09;
34,51;34,90;31,16;34,50;1,47%;5716;2010-06-08;
35,00;35,00;34,00;34,00;-3,13%;2510;2010-06-07;
35,80;35,80;35,10;35,10;-0,62%;500;2010-06-04;
35,98;35,98;35,32;35,32;-1,89%;1083;2010-06-02;
35,70;36,00;35,50;36,00;0,00%;352;2010-06-01;
36,30;36,30;35,70;36,00;-0,83%;871;2010-05-31;
35,85;36,30;35,50;36,30;3,71%;1944;2010-05-28;
35,59;35,60;34,99;35,00;0,03%;4914;2010-05-27;
35,00;35,60;33,95;34,99;2,91%;3105;2010-05-26;
34,70;34,70;33,60;34,00;-3,93%;2790;2010-05-25;
34,00;35,50;34,00;35,39;2,91%;1897;2010-05-24;
33,20;34,50;32,51;34,39;-0,29%;24455;2010-05-21;
38,00;38,00;34,00;34,49;-8,03%;8273;2010-05-20;
38,38;38,38;37,50;37,50;-2,72%;746;2010-05-19;
38,10;38,60;37,51;38,55;1,45%;544;2010-05-18;
38,00;38,69;37,60;38,00;-2,54%;921;2010-05-17;
38,50;38,99;38,20;38,99;0,23%;456;2010-05-14;
39,00;39,00;38,50;38,90;2,37%;568;2010-05-13;
38,99;38,99;37,71;38,00;0,77%;1254;2010-05-12;
38,99;38,99;37,71;37,71;-3,28%;1889;2010-05-11;
37,01;39,00;37,01;38,99;2,61%;3564;2010-05-10;
35,50;38,00;34,75;38,00;2,43%;11600;2010-05-07;
37,81;38,50;37,10;37,10;-4,38%;4963;2010-05-06;
40,10;40,30;38,80;38,80;-5,34%;6956;2010-05-05;
42,00;42,00;40,00;40,99;-2,40%;1981;2010-05-04;
41,50;42,00;41,50;42,00;1,20%;2971;2010-04-30;
41,50;41,50;40,17;41,50;1,47%;2581;2010-04-29;
40,49;40,90;39,80;40,90;-1,68%;4646;2010-04-28;
41,49;41,90;40,80;41,60;0,24%;2125;2010-04-27;
40,57;41,50;40,00;41,50;1,49%;4400;2010-04-26;
40,29;40,89;39,35;40,89;2,23%;1023;2010-04-23;
40,40;40,40;39,60;40,00;-1,43%;4033;2010-04-22;
40,99;40,99;40,10;40,58;0,95%;1042;2010-04-21;
41,50;41,50;40,11;40,20;-3,09%;4873;2010-04-20;
39,90;42,50;38,25;41,48;3,96%;11488;2010-04-19;
41,50;41,50;39,61;39,90;-4,09%;90070;2010-04-16;
43,20;43,50;41,60;41,60;-2,58%;51994;2010-04-15;
43,10;43,30;42,60;42,70;-0,93%;4571;2010-04-14;
43,40;43,40;42,25;43,10;0,23%;2787;2010-04-13;
40,15;43,80;39,95;43,00;3,66%;5780;2010-04-12;
41,40;41,67;40,20;41,48;-0,05%;2185;2010-04-09;
40,79;42,80;40,20;41,50;1,67%;11471;2010-04-08;
40,90;41,00;39,20;40,82;0,79%;17413;2010-04-07;
39,50;41,00;38,60;40,50;2,92%;5884;2010-04-06;
